signal_date,execution_date,selected,safe_asset_weight,turnover,transaction_cost,momentum,weights
2007-06-29,2007-07-02,,1.0,0.5,0.0005,,BIL:1.000000
2007-07-31,2007-08-01,,1.0,0.0,0.0,,BIL:1.000000
2007-08-31,2007-09-04,,1.0,0.0,0.0,,BIL:1.000000
2007-09-28,2007-10-01,,1.0,0.0,0.0,,BIL:1.000000
2007-10-31,2007-11-01,,1.0,0.0,0.0,,BIL:1.000000
2007-11-30,2007-12-03,,1.0,0.0,0.0,,BIL:1.000000
2007-12-31,2008-01-02,,1.0,0.0,0.0,,BIL:1.000000
2008-01-31,2008-02-01,,1.0,0.0,0.0,,BIL:1.000000
2008-02-29,2008-03-03,,1.0,0.0,0.0,,BIL:1.000000
2008-03-31,2008-04-01,DBC|GLD|IEF,0.0,1.0,0.001,DBC:0.131246|GLD:0.108509|IEF:0.073815,IEF:0.333333|GLD:0.333333|DBC:0.333333
2008-04-30,2008-05-01,DBC|VNQ|EEM,0.0,0.6666666666666666,0.0006666666666666666,DBC:0.173577|VNQ:0.118760|EEM:0.092847,EEM:0.333333|VNQ:0.333333|DBC:0.333333
2008-05-30,2008-06-02,QQQ|VNQ|DBC,0.0,0.3333333333333333,0.0003333333333333333,QQQ:0.165287|VNQ:0.130393|DBC:0.123269,QQQ:0.333333|VNQ:0.333333|DBC:0.333333
2008-06-30,2008-07-01,DBC|GLD,0.0,0.6666666666666666,0.0006666666666666666,DBC:0.258926|GLD:0.052268,GLD:0.500000|DBC:0.500000
2008-07-31,2008-08-01,DBC|GLD|IEF,0.0,0.33333333333333337,0.0003333333333333334,DBC:0.090418|GLD:0.072509|IEF:0.000753,IEF:0.333333|GLD:0.333333|DBC:0.333333
2008-08-29,2008-09-02,TLT|IEF|IWM,0.0,0.6666666666666666,0.0006666666666666666,TLT:0.046744|IEF:0.028191|IWM:0.002106,IWM:0.333333|TLT:0.333333|IEF:0.333333
2008-09-30,2008-10-01,VNQ|TLT|IEF,0.0,0.3333333333333333,0.0003333333333333333,VNQ:0.055228|TLT:0.041194|IEF:0.023925,TLT:0.333333|IEF:0.333333|VNQ:0.333333
2008-10-31,2008-11-03,TLT|IEF,0.0,0.33333333333333337,0.0003333333333333334,TLT:0.023247|IEF:0.005276,TLT:0.500000|IEF:0.500000
2008-11-28,2008-12-01,TLT|IEF,0.0,0.0,0.0,TLT:0.138700|IEF:0.066741,TLT:0.500000|IEF:0.500000
2008-12-31,2009-01-02,TLT|IEF|GLD,0.0,0.33333333333333337,0.0003333333333333334,TLT:0.259492|IEF:0.115458|GLD:0.006398,TLT:0.333333|IEF:0.333333|GLD:0.333333
2009-01-30,2009-02-02,GLD|TLT|IEF,0.0,0.0,0.0,GLD:0.233919|TLT:0.104902|IEF:0.078499,TLT:0.333333|IEF:0.333333|GLD:0.333333
2009-02-27,2009-03-02,GLD|IEF,0.0,0.33333333333333337,0.0003333333333333334,GLD:0.145419|IEF:0.011406,IEF:0.500000|GLD:0.500000
2009-03-31,2009-04-01,GLD,0.0,0.5,0.0005,GLD:0.045512,GLD:1.000000
2009-04-30,2009-05-01,EEM|QQQ,0.0,1.0,0.001,EEM:0.256354|QQQ:0.160807,QQQ:0.500000|EEM:0.500000
2009-05-29,2009-06-01,EEM|EFA|QQQ,0.0,0.33333333333333337,0.0003333333333333334,EEM:0.565709|EFA:0.368223|QQQ:0.287269,QQQ:0.333333|EFA:0.333333|EEM:0.333333
2009-06-30,2009-07-01,EEM|EFA|IWM,0.0,0.3333333333333333,0.0003333333333333333,EEM:0.309644|EFA:0.244570|IWM:0.214744,IWM:0.333333|EFA:0.333333|EEM:0.333333
2009-07-31,2009-08-03,EEM|EFA|QQQ,0.0,0.3333333333333333,0.0003333333333333333,EEM:0.239984|EFA:0.213891|QQQ:0.149215,QQQ:0.333333|EFA:0.333333|EEM:0.333333
2009-08-31,2009-09-01,VNQ|QQQ|EFA,0.0,0.3333333333333333,0.0003333333333333333,VNQ:0.190771|QQQ:0.099869|EFA:0.097050,QQQ:0.333333|EFA:0.333333|VNQ:0.333333
2009-09-30,2009-10-01,VNQ|EEM|EFA,0.0,0.3333333333333333,0.0003333333333333333,VNQ:0.326750|EEM:0.185557|EFA:0.174146,EFA:0.333333|EEM:0.333333|VNQ:0.333333
2009-10-30,2009-11-02,VNQ|GLD|SPY,0.0,0.6666666666666666,0.0006666666666666666,VNQ:0.143572|GLD:0.092255|SPY:0.035975,SPY:0.333333|GLD:0.333333|VNQ:0.333333
2009-11-30,2009-12-01,GLD|EEM|DBC,0.0,0.6666666666666666,0.0006666666666666666,GLD:0.238116|EEM:0.147550|DBC:0.115332,EEM:0.333333|GLD:0.333333|DBC:0.333333
2009-12-31,2010-01-04,VNQ|DBC|QQQ,0.0,0.6666666666666666,0.0006666666666666666,VNQ:0.144663|DBC:0.123175|QQQ:0.117715,QQQ:0.333333|VNQ:0.333333|DBC:0.333333
2010-01-29,2010-02-01,VNQ|IWM|GLD,0.0,0.6666666666666666,0.0006666666666666666,VNQ:0.110932|IWM:0.062010|GLD:0.051921,IWM:0.333333|GLD:0.333333|VNQ:0.333333
2010-02-26,2010-03-01,VNQ|IWM|QQQ,0.0,0.3333333333333333,0.0003333333333333333,VNQ:0.083293|IWM:0.062604|QQQ:0.019202,QQQ:0.333333|IWM:0.333333|VNQ:0.333333
2010-03-31,2010-04-01,VNQ|IWM|QQQ,0.0,0.0,0.0,VNQ:0.081987|IWM:0.074947|QQQ:0.047391,QQQ:0.333333|IWM:0.333333|VNQ:0.333333
2010-04-30,2010-05-03,VNQ|IWM|QQQ,0.0,0.0,0.0,VNQ:0.246571|IWM:0.194950|QQQ:0.151965,QQQ:0.333333|IWM:0.333333|VNQ:0.333333
2010-05-28,2010-06-01,VNQ|GLD|TLT,0.0,0.6666666666666666,0.0006666666666666666,VNQ:0.108234|GLD:0.086357|TLT:0.064122,TLT:0.333333|GLD:0.333333|VNQ:0.333333
2010-06-30,2010-07-01,TLT|GLD|IEF,0.0,0.3333333333333333,0.0003333333333333333,TLT:0.148963|GLD:0.116843|IEF:0.078239,TLT:0.333333|IEF:0.333333|GLD:0.333333
2010-07-30,2010-08-02,TLT|IEF|GLD,0.0,0.0,0.0,TLT:0.101499|IEF:0.070358|GLD:0.001127,TLT:0.333333|IEF:0.333333|GLD:0.333333
2010-08-31,2010-09-01,TLT|IEF|VNQ,0.0,0.3333333333333333,0.0003333333333333333,TLT:0.138789|IEF:0.079521|VNQ:0.027218,TLT:0.333333|IEF:0.333333|VNQ:0.333333
2010-09-30,2010-10-01,EEM|EFA|QQQ,0.0,0.9999999999999999,0.0009999999999999998,EEM:0.191008|EFA:0.163806|QQQ:0.154847,QQQ:0.333333|EFA:0.333333|EEM:0.333333
2010-10-29,2010-11-01,GLD|QQQ|EEM,0.0,0.3333333333333333,0.0003333333333333333,GLD:0.147828|QQQ:0.120681|EEM:0.085943,QQQ:0.333333|EEM:0.333333|GLD:0.333333
2010-11-30,2010-12-01,IWM|QQQ|SPY,0.0,0.6666666666666666,0.0006666666666666666,IWM:0.211911|QQQ:0.201380|SPY:0.131178,SPY:0.333333|QQQ:0.333333|IWM:0.333333
2010-12-31,2011-01-03,IWM|DBC|QQQ,0.0,0.3333333333333333,0.0003333333333333333,IWM:0.158183|DBC:0.140315|QQQ:0.113404,QQQ:0.333333|IWM:0.333333|DBC:0.333333
2011-01-31,2011-02-01,DBC|IWM|SPY,0.0,0.3333333333333333,0.0003333333333333333,DBC:0.133042|IWM:0.113839|SPY:0.091710,SPY:0.333333|IWM:0.333333|DBC:0.333333
2011-02-28,2011-03-01,DBC|IWM|SPY,0.0,0.0,0.0,DBC:0.176564|IWM:0.128688|SPY:0.126686,SPY:0.333333|IWM:0.333333|DBC:0.333333
2011-03-31,2011-04-01,DBC|IWM|VNQ,0.0,0.3333333333333333,0.0003333333333333333,DBC:0.128328|IWM:0.070921|VNQ:0.061569,IWM:0.333333|VNQ:0.333333|DBC:0.333333
2011-04-29,2011-05-02,GLD|DBC|IWM,0.0,0.3333333333333333,0.0003333333333333333,GLD:0.169558|DBC:0.135635|IWM:0.118336,IWM:0.333333|GLD:0.333333|DBC:0.333333
2011-05-31,2011-06-01,VNQ|EEM|GLD,0.0,0.6666666666666666,0.0006666666666666666,VNQ:0.087061|EEM:0.070830|GLD:0.068628,EEM:0.333333|GLD:0.333333|VNQ:0.333333
2011-06-30,2011-07-01,GLD|IEF|VNQ,0.0,0.3333333333333333,0.0003333333333333333,GLD:0.043901|IEF:0.038663|VNQ:0.036635,IEF:0.333333|GLD:0.333333|VNQ:0.333333
2011-07-29,2011-08-01,TLT|IEF|GLD,0.0,0.3333333333333333,0.0003333333333333333,TLT:0.054799|IEF:0.052211|GLD:0.038853,TLT:0.333333|IEF:0.333333|GLD:0.333333
2011-08-31,2011-09-01,GLD|TLT|IEF,0.0,0.0,0.0,GLD:0.188763|TLT:0.125003|IEF:0.071856,TLT:0.333333|IEF:0.333333|GLD:0.333333
2011-09-30,2011-10-03,TLT|IEF|GLD,0.0,0.0,0.0,TLT:0.298388|IEF:0.106603|GLD:0.090595,TLT:0.333333|IEF:0.333333|GLD:0.333333
2011-10-31,2011-11-01,TLT|IEF|GLD,0.0,0.0,0.0,TLT:0.147576|IEF:0.042726|GLD:0.036033,TLT:0.333333|IEF:0.333333|GLD:0.333333
2011-11-30,2011-12-01,TLT|QQQ|IEF,0.0,0.3333333333333333,0.0003333333333333333,TLT:0.110368|QQQ:0.026055|IEF:0.015070,QQQ:0.333333|TLT:0.333333|IEF:0.333333
2011-12-30,2012-01-03,VNQ|SPY|TLT,0.0,0.6666666666666666,0.0006666666666666666,VNQ:0.152797|SPY:0.116182|TLT:0.014625,SPY:0.333333|TLT:0.333333|VNQ:0.333333
2012-01-31,2012-02-01,TLT|VNQ|IEF,0.0,0.3333333333333333,0.0003333333333333333,TLT:0.093243|VNQ:0.060949|IEF:0.048510,TLT:0.333333|IEF:0.333333|VNQ:0.333333
2012-02-29,2012-03-01,EEM|QQQ|IWM,0.0,0.9999999999999999,0.0009999999999999998,EEM:0.183053|QQQ:0.181588|IWM:0.167006,QQQ:0.333333|IWM:0.333333|EEM:0.333333
2012-03-30,2012-04-02,QQQ|EEM|SPY,0.0,0.3333333333333333,0.0003333333333333333,QQQ:0.208513|EEM:0.132947|SPY:0.121370,SPY:0.333333|QQQ:0.333333|EEM:0.333333
2012-04-30,2012-05-01,QQQ|VNQ|SPY,0.0,0.3333333333333333,0.0003333333333333333,QQQ:0.106259|VNQ:0.074857|SPY:0.069369,SPY:0.333333|QQQ:0.333333|VNQ:0.333333
2012-05-31,2012-06-01,TLT|IEF|VNQ,0.0,0.6666666666666666,0.0006666666666666666,TLT:0.104947|IEF:0.041100|VNQ:0.027094,TLT:0.333333|IEF:0.333333|VNQ:0.333333
2012-06-29,2012-07-02,TLT|IEF|VNQ,0.0,0.0,0.0,TLT:0.123777|IEF:0.050138|VNQ:0.036438,TLT:0.333333|IEF:0.333333|VNQ:0.333333
2012-07-31,2012-08-01,TLT|IEF|VNQ,0.0,0.0,0.0,TLT:0.118678|IEF:0.040681|VNQ:0.016773,TLT:0.333333|IEF:0.333333|VNQ:0.333333
2012-08-31,2012-09-04,DBC|EFA|QQQ,0.0,0.9999999999999999,0.0009999999999999998,DBC:0.158085|EFA:0.124885|QQQ:0.122338,QQQ:0.333333|EFA:0.333333|DBC:0.333333
2012-09-28,2012-10-01,DBC|GLD|QQQ,0.0,0.3333333333333333,0.0003333333333333333,DBC:0.113786|GLD:0.107610|QQQ:0.071782,QQQ:0.333333|GLD:0.333333|DBC:0.333333
2012-10-31,2012-11-01,EFA|GLD|EEM,0.0,0.6666666666666666,0.0006666666666666666,EFA:0.071600|GLD:0.066074|EEM:0.051892,EFA:0.333333|EEM:0.333333|GLD:0.333333
2012-11-30,2012-12-03,EEM|EFA|GLD,0.0,0.0,0.0,EEM:0.061468|EFA:0.060670|GLD:0.034000,EFA:0.333333|EEM:0.333333|GLD:0.333333
2012-12-31,2013-01-02,EEM|EFA|VNQ,0.0,0.3333333333333333,0.0003333333333333333,EEM:0.073430|EFA:0.063116|VNQ:0.023519,EFA:0.333333|EEM:0.333333|VNQ:0.333333
2013-01-31,2013-02-01,IWM|EFA|VNQ,0.0,0.3333333333333333,0.0003333333333333333,IWM:0.113581|EFA:0.112009|VNQ:0.083599,IWM:0.333333|EFA:0.333333|VNQ:0.333333
2013-02-28,2013-03-01,IWM|VNQ|SPY,0.0,0.3333333333333333,0.0003333333333333333,IWM:0.131882|VNQ:0.095916|SPY:0.088045,SPY:0.333333|IWM:0.333333|VNQ:0.333333
2013-03-28,2013-04-01,IWM|SPY|VNQ,0.0,0.0,0.0,IWM:0.138440|SPY:0.110171|VNQ:0.088428,SPY:0.333333|IWM:0.333333|VNQ:0.333333
2013-04-30,2013-05-01,VNQ|SPY|TLT,0.0,0.3333333333333333,0.0003333333333333333,VNQ:0.094202|SPY:0.064584|TLT:0.058709,SPY:0.333333|TLT:0.333333|VNQ:0.333333
2013-05-31,2013-06-03,QQQ|SPY|IWM,0.0,0.6666666666666666,0.0006666666666666666,QQQ:0.089634|SPY:0.079330|IWM:0.079052,SPY:0.333333|QQQ:0.333333|IWM:0.333333
2013-06-28,2013-07-01,QQQ|IWM|SPY,0.0,0.0,0.0,QQQ:0.043730|IWM:0.041219|SPY:0.033443,SPY:0.333333|QQQ:0.333333|IWM:0.333333
2013-07-31,2013-08-01,IWM|QQQ|SPY,0.0,0.0,0.0,IWM:0.133894|QQQ:0.079837|SPY:0.071536,SPY:0.333333|QQQ:0.333333|IWM:0.333333
2013-08-30,2013-09-03,QQQ|IWM|EFA,0.0,0.3333333333333333,0.0003333333333333333,QQQ:0.031735|IWM:0.021166|EFA:0.001148,QQQ:0.333333|IWM:0.333333|EFA:0.333333
2013-09-30,2013-10-01,QQQ|EFA|IWM,0.0,0.0,0.0,QQQ:0.103289|EFA:0.103043|IWM:0.089086,QQQ:0.333333|IWM:0.333333|EFA:0.333333
2013-10-31,2013-11-01,QQQ|EEM|EFA,0.0,0.3333333333333333,0.0003333333333333333,QQQ:0.078843|EEM:0.069252|EFA:0.068267,QQQ:0.333333|EFA:0.333333|EEM:0.333333
2013-11-29,2013-12-02,QQQ|IWM|EFA,0.0,0.3333333333333333,0.0003333333333333333,QQQ:0.139360|IWM:0.133813|EFA:0.119486,QQQ:0.333333|IWM:0.333333|EFA:0.333333
2013-12-31,2014-01-02,QQQ|SPY|IWM,0.0,0.3333333333333333,0.0003333333333333333,QQQ:0.107422|SPY:0.096568|IWM:0.073752,SPY:0.333333|QQQ:0.333333|IWM:0.333333
2014-01-31,2014-02-03,QQQ|IWM|TLT,0.0,0.3333333333333333,0.0003333333333333333,QQQ:0.042951|IWM:0.025147|TLT:0.017127,QQQ:0.333333|IWM:0.333333|TLT:0.333333
2014-02-28,2014-03-03,VNQ|QQQ|GLD,0.0,0.6666666666666666,0.0006666666666666666,VNQ:0.095850|QQQ:0.075306|GLD:0.065098,QQQ:0.333333|GLD:0.333333|VNQ:0.333333
2014-03-31,2014-04-01,VNQ|TLT|IEF,0.0,0.6666666666666666,0.0006666666666666666,VNQ:0.095415|TLT:0.076951|IEF:0.026651,TLT:0.333333|IEF:0.333333|VNQ:0.333333
2014-04-30,2014-05-01,VNQ|EEM|SPY,0.0,0.6666666666666666,0.0006666666666666666,VNQ:0.113047|EEM:0.093965|SPY:0.066485,SPY:0.333333|EEM:0.333333|VNQ:0.333333
2014-05-30,2014-06-02,EEM|VNQ|TLT,0.0,0.3333333333333333,0.0003333333333333333,EEM:0.077761|VNQ:0.062887|TLT:0.058762,EEM:0.333333|TLT:0.333333|VNQ:0.333333
2014-06-30,2014-07-01,QQQ|VNQ|EEM,0.0,0.3333333333333333,0.0003333333333333333,QQQ:0.074055|VNQ:0.069627|EEM:0.062472,QQQ:0.333333|EEM:0.333333|VNQ:0.333333
2014-07-31,2014-08-01,QQQ|EEM|VNQ,0.0,0.0,0.0,QQQ:0.086998|EEM:0.067342|VNQ:0.032050,QQQ:0.333333|EEM:0.333333|VNQ:0.333333
2014-08-29,2014-09-02,QQQ|EEM|TLT,0.0,0.3333333333333333,0.0003333333333333333,QQQ:0.096779|EEM:0.064115|TLT:0.059419,QQQ:0.333333|EEM:0.333333|TLT:0.333333
2014-09-30,2014-10-01,QQQ|TLT|IEF,0.0,0.3333333333333333,0.0003333333333333333,QQQ:0.043027|TLT:0.040638|IEF:0.009186,QQQ:0.333333|TLT:0.333333|IEF:0.333333
2014-10-31,2014-11-03,QQQ|VNQ|TLT,0.0,0.3333333333333333,0.0003333333333333333,QQQ:0.066316|VNQ:0.059599|TLT:0.048660,QQQ:0.333333|TLT:0.333333|VNQ:0.333333
2014-11-28,2014-12-01,QQQ|VNQ|SPY,0.0,0.3333333333333333,0.0003333333333333333,QQQ:0.064965|VNQ:0.053627|SPY:0.037161,SPY:0.333333|QQQ:0.333333|VNQ:0.333333
2014-12-31,2015-01-02,VNQ|IWM|TLT,0.0,0.6666666666666666,0.0006666666666666666,VNQ:0.141760|IWM:0.113782|TLT:0.072324,IWM:0.333333|TLT:0.333333|VNQ:0.333333
2015-01-30,2015-02-02,TLT|VNQ|GLD,0.0,0.3333333333333333,0.0003333333333333333,TLT:0.165456|VNQ:0.131703|GLD:0.060476,TLT:0.333333|GLD:0.333333|VNQ:0.333333
2015-02-27,2015-03-02,TLT|VNQ|IWM,0.0,0.3333333333333333,0.0003333333333333333,TLT:0.075590|VNQ:0.061638|IWM:0.042155,IWM:0.333333|TLT:0.333333|VNQ:0.333333
2015-03-31,2015-04-01,TLT|EFA|IWM,0.0,0.3333333333333333,0.0003333333333333333,TLT:0.046829|EFA:0.038518|IWM:0.030563,IWM:0.333333|EFA:0.333333|TLT:0.333333
2015-04-30,2015-05-01,EFA|EEM|QQQ,0.0,0.6666666666666666,0.0006666666666666666,EFA:0.069292|EEM:0.068794|QQQ:0.058765,QQQ:0.333333|EFA:0.333333|EEM:0.333333
2015-05-29,2015-06-01,EFA|QQQ|IWM,0.0,0.3333333333333333,0.0003333333333333333,EFA:0.023656|QQQ:0.017556|IWM:0.013772,QQQ:0.333333|IWM:0.333333|EFA:0.333333
2015-06-30,2015-07-01,QQQ|EFA|IWM,0.0,0.0,0.0,QQQ:0.016253|EFA:0.006109|IWM:0.003940,QQQ:0.333333|IWM:0.333333|EFA:0.333333
2015-07-31,2015-08-03,QQQ|IWM|SPY,0.0,0.3333333333333333,0.0003333333333333333,QQQ:0.028954|IWM:0.012394|SPY:0.003815,SPY:0.333333|QQQ:0.333333|IWM:0.333333
2015-08-31,2015-09-01,IEF,0.0,1.0,0.001,IEF:0.010884,IEF:1.000000
2015-09-30,2015-10-01,IEF,0.0,0.0,0.0,IEF:0.037453,IEF:1.000000
2015-10-30,2015-11-02,QQQ|VNQ|IEF,0.0,0.6666666666666666,0.0006666666666666666,QQQ:0.017972|VNQ:0.015079|IEF:0.007049,QQQ:0.333333|IEF:0.333333|VNQ:0.333333
2015-11-30,2015-12-01,QQQ|VNQ|SPY,0.0,0.3333333333333333,0.0003333333333333333,QQQ:0.095747|VNQ:0.083123|SPY:0.061238,SPY:0.333333|QQQ:0.333333|VNQ:0.333333
2015-12-31,2016-01-04,QQQ|VNQ,0.0,0.33333333333333337,0.0003333333333333334,QQQ:0.097649|VNQ:0.064993,QQQ:0.500000|VNQ:0.500000
2016-01-29,2016-02-01,TLT|IEF,0.0,1.0,0.001,TLT:0.034613|IEF:0.019967,TLT:0.500000|IEF:0.500000
2016-02-29,2016-03-01,GLD|TLT|IEF,0.0,0.33333333333333337,0.0003333333333333334,GLD:0.157915|TLT:0.088302|IEF:0.045414,TLT:0.333333|IEF:0.333333|GLD:0.333333
2016-03-31,2016-04-01,GLD|TLT|VNQ,0.0,0.3333333333333333,0.0003333333333333333,GLD:0.151076|TLT:0.091095|VNQ:0.049907,TLT:0.333333|GLD:0.333333|VNQ:0.333333
2016-04-29,2016-05-02,GLD|DBC|EEM,0.0,0.6666666666666666,0.0006666666666666666,GLD:0.156148|DBC:0.140845|EEM:0.124959,EEM:0.333333|GLD:0.333333|DBC:0.333333
2016-05-31,2016-06-01,DBC|IWM|VNQ,0.0,0.6666666666666666,0.0006666666666666666,DBC:0.152821|IWM:0.099155|VNQ:0.072734,IWM:0.333333|VNQ:0.333333|DBC:0.333333
2016-06-30,2016-07-01,DBC|GLD|VNQ,0.0,0.3333333333333333,0.0003333333333333333,DBC:0.175344|GLD:0.081587|VNQ:0.069029,GLD:0.333333|VNQ:0.333333|DBC:0.333333
2016-07-29,2016-08-01,VNQ|TLT|QQQ,0.0,0.6666666666666666,0.0006666666666666666,VNQ:0.139936|TLT:0.100619|QQQ:0.092858,QQQ:0.333333|TLT:0.333333|VNQ:0.333333
2016-08-31,2016-09-01,EEM|GLD|TLT,0.0,0.6666666666666666,0.0006666666666666666,EEM:0.103297|GLD:0.078759|TLT:0.068690,EEM:0.333333|TLT:0.333333|GLD:0.333333
2016-09-30,2016-10-03,QQQ|IWM|EEM,0.0,0.6666666666666666,0.0006666666666666666,QQQ:0.101198|IWM:0.085340|EEM:0.079562,QQQ:0.333333|IWM:0.333333|EEM:0.333333
2016-10-31,2016-11-01,DBC|EEM|QQQ,0.0,0.3333333333333333,0.0003333333333333333,DBC:0.067809|EEM:0.035117|QQQ:0.020208,QQQ:0.333333|EEM:0.333333|DBC:0.333333
2016-11-30,2016-12-01,IWM|DBC|SPY,0.0,0.6666666666666666,0.0006666666666666666,IWM:0.070954|DBC:0.056984|SPY:0.018922,SPY:0.333333|IWM:0.333333|DBC:0.333333
2016-12-30,2017-01-03,IWM|DBC|SPY,0.0,0.0,0.0,IWM:0.090139|DBC:0.055297|SPY:0.039517,SPY:0.333333|IWM:0.333333|DBC:0.333333
2017-01-31,2017-02-01,IWM|SPY|QQQ,0.0,0.3333333333333333,0.0003333333333333333,IWM:0.150451|SPY:0.076838|QQQ:0.066938,SPY:0.333333|QQQ:0.333333|IWM:0.333333
2017-02-28,2017-03-01,QQQ|EEM|VNQ,0.0,0.6666666666666666,0.0006666666666666666,QQQ:0.097681|EEM:0.090054|VNQ:0.085680,QQQ:0.333333|EEM:0.333333|VNQ:0.333333
2017-03-31,2017-04-03,EEM|QQQ|EFA,0.0,0.3333333333333333,0.0003333333333333333,EEM:0.117130|QQQ:0.108139|EFA:0.082739,QQQ:0.333333|EFA:0.333333|EEM:0.333333
2017-04-28,2017-05-01,QQQ|EEM|GLD,0.0,0.3333333333333333,0.0003333333333333333,QQQ:0.083250|EEM:0.069122|GLD:0.064147,QQQ:0.333333|EEM:0.333333|GLD:0.333333
2017-05-31,2017-06-01,EFA|QQQ|EEM,0.0,0.3333333333333333,0.0003333333333333333,EFA:0.083483|QQQ:0.077175|EEM:0.067911,QQQ:0.333333|EFA:0.333333|EEM:0.333333
2017-06-30,2017-07-03,EFA|EEM|TLT,0.0,0.3333333333333333,0.0003333333333333333,EFA:0.063663|EEM:0.055643|TLT:0.043103,EFA:0.333333|EEM:0.333333|TLT:0.333333
2017-07-31,2017-08-01,EEM|EFA|QQQ,0.0,0.3333333333333333,0.0003333333333333333,EEM:0.092155|EFA:0.061717|QQQ:0.046795,QQQ:0.333333|EFA:0.333333|EEM:0.333333
2017-08-31,2017-09-01,EEM|DBC|GLD,0.0,0.6666666666666666,0.0006666666666666666,EEM:0.078489|DBC:0.047157|GLD:0.034619,EEM:0.333333|GLD:0.333333|DBC:0.333333
2017-09-29,2017-10-02,EEM|DBC|QQQ,0.0,0.3333333333333333,0.0003333333333333333,EEM:0.082629|DBC:0.065744|QQQ:0.059055,QQQ:0.333333|EEM:0.333333|DBC:0.333333
2017-10-31,2017-11-01,DBC|IWM|QQQ,0.0,0.3333333333333333,0.0003333333333333333,DBC:0.074497|IWM:0.066972|QQQ:0.059278,QQQ:0.333333|IWM:0.333333|DBC:0.333333
2017-11-30,2017-12-01,IWM|SPY|DBC,0.0,0.3333333333333333,0.0003333333333333333,IWM:0.102283|SPY:0.076105|DBC:0.070199,SPY:0.333333|IWM:0.333333|DBC:0.333333
2017-12-29,2018-01-02,DBC|QQQ|SPY,0.0,0.3333333333333333,0.0003333333333333333,DBC:0.078572|QQQ:0.073123|SPY:0.067643,SPY:0.333333|QQQ:0.333333|DBC:0.333333
2018-01-31,2018-02-01,EEM|QQQ|SPY,0.0,0.3333333333333333,0.0003333333333333333,EEM:0.129844|QQQ:0.119899|SPY:0.103568,SPY:0.333333|QQQ:0.333333|EEM:0.333333
2018-02-28,2018-03-01,QQQ|SPY|EEM,0.0,0.0,0.0,QQQ:0.072794|SPY:0.049220|EEM:0.036965,SPY:0.333333|QQQ:0.333333|EEM:0.333333
2018-03-29,2018-04-02,EEM|DBC|GLD,0.0,0.6666666666666666,0.0006666666666666666,EEM:0.036496|DBC:0.030340|GLD:0.029125,EEM:0.333333|GLD:0.333333|DBC:0.333333
2018-04-30,2018-05-01,DBC,0.0,0.6666666666666667,0.0006666666666666668,DBC:0.020930,DBC:1.000000
2018-05-31,2018-06-01,IWM|VNQ|DBC,0.0,0.6666666666666667,0.0006666666666666668,IWM:0.088002|VNQ:0.084951|DBC:0.084185,IWM:0.333333|VNQ:0.333333|DBC:0.333333
2018-06-29,2018-07-02,QQQ|IWM|VNQ,0.0,0.3333333333333333,0.0003333333333333333,QQQ:0.106150|IWM:0.105583|VNQ:0.104165,QQQ:0.333333|IWM:0.333333|VNQ:0.333333
2018-07-31,2018-08-01,QQQ|IWM|VNQ,0.0,0.0,0.0,QQQ:0.086299|IWM:0.080487|VNQ:0.077099,QQQ:0.333333|IWM:0.333333|VNQ:0.333333
2018-08-31,2018-09-04,QQQ|VNQ|SPY,0.0,0.3333333333333333,0.0003333333333333333,QQQ:0.073147|VNQ:0.061294|SPY:0.060799,SPY:0.333333|QQQ:0.333333|VNQ:0.333333
2018-09-28,2018-10-01,QQQ|SPY|IWM,0.0,0.3333333333333333,0.0003333333333333333,QQQ:0.084325|SPY:0.076512|IWM:0.035655,SPY:0.333333|QQQ:0.333333|IWM:0.333333
2018-10-31,2018-11-01,,1.0,1.0,0.001,,BIL:1.000000
2018-11-30,2018-12-03,,1.0,0.0,0.0,,BIL:1.000000
2018-12-31,2019-01-02,GLD|TLT|IEF,0.0,1.0,0.001,GLD:0.075293|TLT:0.045878|IEF:0.038560,TLT:0.333333|IEF:0.333333|GLD:0.333333
2019-01-31,2019-02-01,EEM|VNQ|GLD,0.0,0.6666666666666666,0.0006666666666666666,EEM:0.151249|VNQ:0.079646|GLD:0.072565,EEM:0.333333|GLD:0.333333|VNQ:0.333333
2019-02-28,2019-03-01,GLD|EEM|QQQ,0.0,0.3333333333333333,0.0003333333333333333,GLD:0.072207|EEM:0.070782|QQQ:0.066275,QQQ:0.333333|EEM:0.333333|GLD:0.333333
2019-03-29,2019-04-01,VNQ|QQQ|SPY,0.0,0.6666666666666666,0.0006666666666666666,VNQ:0.180783|QQQ:0.176001|SPY:0.143726,SPY:0.333333|QQQ:0.333333|VNQ:0.333333
2019-04-30,2019-05-01,QQQ|SPY|IWM,0.0,0.3333333333333333,0.0003333333333333333,QQQ:0.175249|SPY:0.121123|IWM:0.085581,SPY:0.333333|QQQ:0.333333|IWM:0.333333
2019-05-31,2019-06-03,TLT|IEF|VNQ,0.0,0.9999999999999999,0.0009999999999999998,TLT:0.115775|IEF:0.055826|VNQ:0.045160,TLT:0.333333|IEF:0.333333|VNQ:0.333333
2019-06-28,2019-07-01,GLD|TLT|SPY,0.0,0.6666666666666666,0.0006666666666666666,GLD:0.091714|TLT:0.057069|SPY:0.042286,SPY:0.333333|TLT:0.333333|GLD:0.333333
2019-07-31,2019-08-01,GLD|TLT|IEF,0.0,0.3333333333333333,0.0003333333333333333,GLD:0.106395|TLT:0.076868|IEF:0.043902,TLT:0.333333|IEF:0.333333|GLD:0.333333
2019-08-30,2019-09-03,GLD|TLT|QQQ,0.0,0.3333333333333333,0.0003333333333333333,GLD:0.148989|TLT:0.116450|QQQ:0.104424,QQQ:0.333333|TLT:0.333333|GLD:0.333333
2019-09-30,2019-10-01,TLT|VNQ|GLD,0.0,0.3333333333333333,0.0003333333333333333,TLT:0.086043|VNQ:0.075974|GLD:0.063160,TLT:0.333333|GLD:0.333333|VNQ:0.333333
2019-10-31,2019-11-01,VNQ|EFA|QQQ,0.0,0.6666666666666666,0.0006666666666666666,VNQ:0.064214|EFA:0.058399|QQQ:0.054056,QQQ:0.333333|EFA:0.333333|VNQ:0.333333
2019-11-29,2019-12-02,QQQ|IWM|SPY,0.0,0.6666666666666666,0.0006666666666666666,QQQ:0.096248|IWM:0.090692|SPY:0.079711,SPY:0.333333|QQQ:0.333333|IWM:0.333333
2019-12-31,2020-01-02,QQQ|EEM|IWM,0.0,0.3333333333333333,0.0003333333333333333,QQQ:0.137774|EEM:0.129336|IWM:0.120697,QQQ:0.333333|IWM:0.333333|EEM:0.333333
2020-01-31,2020-02-03,QQQ|SPY|GLD,0.0,0.6666666666666666,0.0006666666666666666,QQQ:0.114498|SPY:0.063036|GLD:0.058928,SPY:0.333333|QQQ:0.333333|GLD:0.333333
2020-02-28,2020-03-02,TLT|GLD|IEF,0.0,0.6666666666666666,0.0006666666666666666,TLT:0.105964|GLD:0.077247|IEF:0.051832,TLT:0.333333|IEF:0.333333|GLD:0.333333
2020-03-31,2020-04-01,TLT|IEF|GLD,0.0,0.0,0.0,TLT:0.209532|IEF:0.100963|GLD:0.038000,TLT:0.333333|IEF:0.333333|GLD:0.333333
2020-04-30,2020-05-01,TLT|IEF|GLD,0.0,0.0,0.0,TLT:0.158565|IEF:0.076265|GLD:0.069576,TLT:0.333333|IEF:0.333333|GLD:0.333333
2020-05-29,2020-06-01,QQQ|GLD|TLT,0.0,0.3333333333333333,0.0003333333333333333,QQQ:0.136333|GLD:0.097924|TLT:0.057762,QQQ:0.333333|TLT:0.333333|GLD:0.333333
2020-06-30,2020-07-01,QQQ|SPY|GLD,0.0,0.3333333333333333,0.0003333333333333333,QQQ:0.302681|SPY:0.201618|GLD:0.130496,SPY:0.333333|QQQ:0.333333|GLD:0.333333
2020-07-31,2020-08-03,QQQ|EEM|IWM,0.0,0.6666666666666666,0.0006666666666666666,QQQ:0.251538|EEM:0.232763|IWM:0.181543,QQQ:0.333333|IWM:0.333333|EEM:0.333333
2020-08-31,2020-09-01,QQQ|SPY|GLD,0.0,0.6666666666666666,0.0006666666666666666,QQQ:0.253630|SPY:0.138819|GLD:0.136716,SPY:0.333333|QQQ:0.333333|GLD:0.333333
2020-09-30,2020-10-01,QQQ|EEM|SPY,0.0,0.3333333333333333,0.0003333333333333333,QQQ:0.109186|EEM:0.090257|SPY:0.082799,SPY:0.333333|QQQ:0.333333|EEM:0.333333
2020-10-30,2020-11-02,IWM|EEM,0.0,0.6666666666666666,0.0006666666666666666,IWM:0.026132|EEM:0.025694,IWM:0.500000|EEM:0.500000
2020-11-30,2020-12-01,IWM|EEM|EFA,0.0,0.33333333333333337,0.0003333333333333334,IWM:0.169079|EEM:0.094073|EFA:0.079563,IWM:0.333333|EFA:0.333333|EEM:0.333333
2020-12-31,2021-01-04,IWM|EEM|EFA,0.0,0.0,0.0,IWM:0.292363|EEM:0.173128|EFA:0.150708,IWM:0.333333|EFA:0.333333|EEM:0.333333
2021-01-29,2021-02-01,IWM|EEM|EFA,0.0,0.0,0.0,IWM:0.344997|EEM:0.203063|EFA:0.190049,IWM:0.333333|EFA:0.333333|EEM:0.333333
2021-02-26,2021-03-01,DBC|IWM|EEM,0.0,0.3333333333333333,0.0003333333333333333,DBC:0.201005|IWM:0.188748|EEM:0.088977,IWM:0.333333|EEM:0.333333|DBC:0.333333
2021-03-31,2021-04-01,DBC|IWM|VNQ,0.0,0.3333333333333333,0.0003333333333333333,DBC:0.141581|IWM:0.138484|VNQ:0.104436,IWM:0.333333|VNQ:0.333333|DBC:0.333333
2021-04-30,2021-05-03,DBC|VNQ|SPY,0.0,0.3333333333333333,0.0003333333333333333,DBC:0.179065|VNQ:0.173014|SPY:0.131318,SPY:0.333333|VNQ:0.333333|DBC:0.333333
2021-05-28,2021-06-01,VNQ|DBC|GLD,0.0,0.3333333333333333,0.0003333333333333333,VNQ:0.138273|DBC:0.121157|GLD:0.104315,GLD:0.333333|VNQ:0.333333|DBC:0.333333
2021-06-30,2021-07-01,DBC|VNQ|QQQ,0.0,0.3333333333333333,0.0003333333333333333,DBC:0.158940|VNQ:0.115985|QQQ:0.111901,QQQ:0.333333|VNQ:0.333333|DBC:0.333333
2021-07-30,2021-08-02,DBC|TLT|VNQ,0.0,0.3333333333333333,0.0003333333333333333,DBC:0.088777|TLT:0.083023|VNQ:0.080404,TLT:0.333333|VNQ:0.333333|DBC:0.333333
2021-08-31,2021-09-01,QQQ|SPY|TLT,0.0,0.6666666666666666,0.0006666666666666666,QQQ:0.140705|SPY:0.077814|TLT:0.077064,SPY:0.333333|QQQ:0.333333|TLT:0.333333
2021-09-30,2021-10-01,DBC|QQQ|TLT,0.0,0.3333333333333333,0.0003333333333333333,DBC:0.044513|QQQ:0.010680|TLT:0.003535,QQQ:0.333333|TLT:0.333333|DBC:0.333333
2021-10-29,2021-11-01,DBC|QQQ|SPY,0.0,0.3333333333333333,0.0003333333333333333,DBC:0.106791|QQQ:0.060170|SPY:0.052861,SPY:0.333333|QQQ:0.333333|DBC:0.333333
2021-11-30,2021-12-01,QQQ|TLT|DBC,0.0,0.3333333333333333,0.0003333333333333333,QQQ:0.037654|TLT:0.022436|DBC:0.015641,QQQ:0.333333|TLT:0.333333|DBC:0.333333
2021-12-31,2022-01-03,VNQ|QQQ|SPY,0.0,0.6666666666666666,0.0006666666666666666,VNQ:0.134468|QQQ:0.105998|SPY:0.097615,SPY:0.333333|QQQ:0.333333|VNQ:0.333333
2022-01-31,2022-02-01,DBC,0.0,1.0,0.001,DBC:0.050117,DBC:1.000000
2022-02-28,2022-03-01,DBC|GLD,0.0,0.5,0.0005,DBC:0.191713|GLD:0.069104,GLD:0.500000|DBC:0.500000
2022-03-31,2022-04-01,DBC|GLD,0.0,0.0,0.0,DBC:0.248084|GLD:0.063899,GLD:0.500000|DBC:0.500000
2022-04-29,2022-05-02,DBC|GLD,0.0,0.0,0.0,DBC:0.232319|GLD:0.058707,GLD:0.500000|DBC:0.500000
2022-05-31,2022-06-01,DBC,0.0,0.5,0.0005,DBC:0.159887,DBC:1.000000
2022-06-30,2022-07-01,DBC,0.0,0.0,0.0,DBC:0.003390,DBC:1.000000
2022-07-29,2022-08-01,,1.0,1.0,0.001,,BIL:1.000000
2022-08-31,2022-09-01,,1.0,0.0,0.0,,BIL:1.000000
2022-09-30,2022-10-03,,1.0,0.0,0.0,,BIL:1.000000
2022-10-31,2022-11-01,,1.0,0.0,0.0,,BIL:1.000000
2022-11-30,2022-12-01,EFA|SPY|IWM,0.0,1.0,0.001,EFA:0.087844|SPY:0.035869|IWM:0.026372,SPY:0.333333|IWM:0.333333|EFA:0.333333
2022-12-30,2023-01-03,EFA|GLD,0.0,0.6666666666666666,0.0006666666666666666,EFA:0.176632|GLD:0.096787,EFA:0.500000|GLD:0.500000
2023-01-31,2023-02-01,EEM|EFA|GLD,0.0,0.33333333333333337,0.0003333333333333334,EEM:0.224567|EFA:0.199881|GLD:0.171389,EFA:0.333333|EEM:0.333333|GLD:0.333333
2023-02-28,2023-03-01,EFA|GLD|QQQ,0.0,0.3333333333333333,0.0003333333333333333,EFA:0.045152|GLD:0.040191|QQQ:0.025592,QQQ:0.333333|EFA:0.333333|GLD:0.333333
2023-03-31,2023-04-03,QQQ|GLD|EFA,0.0,0.0,0.0,QQQ:0.206376|GLD:0.085105|EFA:0.078408,QQQ:0.333333|EFA:0.333333|GLD:0.333333
2023-04-28,2023-05-01,QQQ|GLD|SPY,0.0,0.3333333333333333,0.0003333333333333333,QQQ:0.090459|GLD:0.031135|SPY:0.029179,SPY:0.333333|QQQ:0.333333|GLD:0.333333
2023-05-31,2023-06-01,QQQ|GLD|SPY,0.0,0.0,0.0,QQQ:0.196871|GLD:0.067697|SPY:0.062585,SPY:0.333333|QQQ:0.333333|GLD:0.333333
2023-06-30,2023-07-03,QQQ|SPY|IWM,0.0,0.3333333333333333,0.0003333333333333333,QQQ:0.171841|SPY:0.102122|IWM:0.071975,SPY:0.333333|QQQ:0.333333|IWM:0.333333
2023-07-31,2023-08-01,QQQ|IWM|SPY,0.0,0.0,0.0,QQQ:0.191116|IWM:0.137330|SPY:0.104730,SPY:0.333333|QQQ:0.333333|IWM:0.333333
2023-08-31,2023-09-01,DBC|IWM|QQQ,0.0,0.3333333333333333,0.0003333333333333333,DBC:0.097278|IWM:0.076757|QQQ:0.075277,QQQ:0.333333|IWM:0.333333|DBC:0.333333
2023-09-29,2023-10-02,DBC,0.0,0.6666666666666667,0.0006666666666666668,DBC:0.099559,DBC:1.000000
2023-10-31,2023-11-01,GLD|DBC,0.0,0.5,0.0005,GLD:0.025000|DBC:0.013648,GLD:0.500000|DBC:0.500000
2023-11-30,2023-12-01,GLD|QQQ|SPY,0.0,0.6666666666666666,0.0006666666666666666,GLD:0.048495|QQQ:0.030167|SPY:0.017009,SPY:0.333333|QQQ:0.333333|GLD:0.333333
2023-12-29,2024-01-02,VNQ|QQQ|IWM,0.0,0.6666666666666666,0.0006666666666666666,VNQ:0.182258|QQQ:0.145934|IWM:0.139787,QQQ:0.333333|IWM:0.333333|VNQ:0.333333
2024-01-31,2024-02-01,QQQ|IWM|VNQ,0.0,0.0,0.0,QQQ:0.197086|IWM:0.186851|VNQ:0.184443,QQQ:0.333333|IWM:0.333333|VNQ:0.333333
2024-02-29,2024-03-01,IWM|QQQ|SPY,0.0,0.3333333333333333,0.0003333333333333333,IWM:0.148489|QQQ:0.127933|SPY:0.121359,SPY:0.333333|QQQ:0.333333|IWM:0.333333
2024-03-28,2024-04-01,SPY|QQQ|GLD,0.0,0.3333333333333333,0.0003333333333333333,SPY:0.101121|QQQ:0.080430|GLD:0.068176,SPY:0.333333|QQQ:0.333333|GLD:0.333333
2024-04-30,2024-05-01,GLD|EEM|DBC,0.0,0.6666666666666666,0.0006666666666666666,GLD:0.123442|EEM:0.061917|DBC:0.034116,EEM:0.333333|GLD:0.333333|DBC:0.333333
2024-05-31,2024-06-03,GLD|DBC|EFA,0.0,0.3333333333333333,0.0003333333333333333,GLD:0.116180|DBC:0.052941|EFA:0.040769,EFA:0.333333|GLD:0.333333|DBC:0.333333
2024-06-28,2024-07-01,QQQ|GLD|EEM,0.0,0.6666666666666666,0.0006666666666666666,QQQ:0.080767|GLD:0.045158|EEM:0.043916,QQQ:0.333333|EEM:0.333333|GLD:0.333333
2024-07-31,2024-08-01,VNQ|IWM|QQQ,0.0,0.6666666666666666,0.0006666666666666666,VNQ:0.149779|IWM:0.145916|QQQ:0.111234,QQQ:0.333333|IWM:0.333333|VNQ:0.333333
2024-08-30,2024-09-03,VNQ|TLT|GLD,0.0,0.6666666666666666,0.0006666666666666666,VNQ:0.157047|TLT:0.077407|GLD:0.074268,TLT:0.333333|GLD:0.333333|VNQ:0.333333
2024-09-30,2024-10-01,VNQ|GLD|IWM,0.0,0.3333333333333333,0.0003333333333333333,VNQ:0.184048|GLD:0.127522|IWM:0.101664,IWM:0.333333|GLD:0.333333|VNQ:0.333333
2024-10-31,2024-11-01,GLD|QQQ|SPY,0.0,0.6666666666666666,0.0006666666666666666,GLD:0.125011|QQQ:0.079732|SPY:0.070340,SPY:0.333333|QQQ:0.333333|GLD:0.333333
2024-11-29,2024-12-02,IWM|SPY|QQQ,0.0,0.3333333333333333,0.0003333333333333333,IWM:0.102760|SPY:0.072236|QQQ:0.071779,SPY:0.333333|QQQ:0.333333|IWM:0.333333
2024-12-31,2025-01-02,QQQ|SPY|IWM,0.0,0.0,0.0,QQQ:0.063965|SPY:0.034175|IWM:0.017101,SPY:0.333333|QQQ:0.333333|IWM:0.333333
2025-01-31,2025-02-03,QQQ|DBC|SPY,0.0,0.3333333333333333,0.0003333333333333333,QQQ:0.045930|DBC:0.044355|SPY:0.037946,SPY:0.333333|QQQ:0.333333|DBC:0.333333
2025-02-28,2025-03-03,GLD|EFA|DBC,0.0,0.6666666666666666,0.0006666666666666666,GLD:0.085739|EFA:0.060693|DBC:0.042019,EFA:0.333333|GLD:0.333333|DBC:0.333333
2025-03-31,2025-04-01,GLD|DBC|EFA,0.0,0.0,0.0,GLD:0.185420|DBC:0.072450|EFA:0.072291,EFA:0.333333|GLD:0.333333|DBC:0.333333
2025-04-30,2025-05-01,GLD|EFA|IEF,0.0,0.3333333333333333,0.0003333333333333333,GLD:0.195004|EFA:0.071158|IEF:0.042967,EFA:0.333333|IEF:0.333333|GLD:0.333333
2025-05-30,2025-06-02,GLD|EFA|EEM,0.0,0.3333333333333333,0.0003333333333333333,GLD:0.153189|EFA:0.088625|EEM:0.053460,EFA:0.333333|EEM:0.333333|GLD:0.333333
2025-06-30,2025-07-01,QQQ|SPY|EEM,0.0,0.6666666666666666,0.0006666666666666666,QQQ:0.177676|SPY:0.115208|EEM:0.112802,SPY:0.333333|QQQ:0.333333|EEM:0.333333
2025-07-31,2025-08-01,QQQ|SPY|IWM,0.0,0.3333333333333333,0.0003333333333333333,QQQ:0.189654|SPY:0.143197|IWM:0.128998,SPY:0.333333|QQQ:0.333333|IWM:0.333333
2025-08-29,2025-09-02,IWM|EEM|QQQ,0.0,0.3333333333333333,0.0003333333333333333,IWM:0.149950|EEM:0.105954|QQQ:0.100038,QQQ:0.333333|IWM:0.333333|EEM:0.333333
2025-09-30,2025-10-01,GLD|IWM|EEM,0.0,0.3333333333333333,0.0003333333333333333,GLD:0.155812|IWM:0.113005|EEM:0.104904,IWM:0.333333|EEM:0.333333|GLD:0.333333
2025-10-31,2025-11-03,GLD|EEM|IWM,0.0,0.0,0.0,GLD:0.184008|EEM:0.135524|IWM:0.123781,IWM:0.333333|EEM:0.333333|GLD:0.333333
2025-11-28,2025-12-01,GLD|EEM|QQQ,0.0,0.3333333333333333,0.0003333333333333333,GLD:0.219480|EEM:0.089450|QQQ:0.086900,QQQ:0.333333|EEM:0.333333|GLD:0.333333
2025-12-31,2026-01-02,GLD|EFA|EEM,0.0,0.3333333333333333,0.0003333333333333333,GLD:0.113137|EFA:0.038561|EEM:0.031084,EFA:0.333333|EEM:0.333333|GLD:0.333333
2026-01-30,2026-02-02,GLD|DBC|EFA,0.0,0.3333333333333333,0.0003333333333333333,GLD:0.225758|DBC:0.111943|EFA:0.078274,EFA:0.333333|GLD:0.333333|DBC:0.333333
2026-02-27,2026-03-02,GLD|EEM|DBC,0.0,0.3333333333333333,0.0003333333333333333,GLD:0.272758|EEM:0.178748|DBC:0.152077,EEM:0.333333|GLD:0.333333|DBC:0.333333
2026-03-31,2026-04-01,DBC|GLD|EEM,0.0,0.0,0.0,DBC:0.287239|GLD:0.079503|EEM:0.038968,EEM:0.333333|GLD:0.333333|DBC:0.333333
2026-04-30,2026-05-01,DBC|VNQ|QQQ,0.0,0.6666666666666666,0.0006666666666666666,DBC:0.229249|VNQ:0.073308|QQQ:0.062202,QQQ:0.333333|VNQ:0.333333|DBC:0.333333
2026-05-29,2026-06-01,QQQ|DBC|IWM,0.0,0.3333333333333333,0.0003333333333333333,QQQ:0.217278|DBC:0.174502|IWM:0.112990,QQQ:0.333333|IWM:0.333333|DBC:0.333333
2026-06-30,2026-07-01,QQQ|IWM|EEM,0.0,0.3333333333333333,0.0003333333333333333,QQQ:0.320501|IWM:0.256895|EEM:0.255992,QQQ:0.333333|IWM:0.333333|EEM:0.333333
2026-07-31,2026-08-03,IWM|EFA|SPY,0.0,0.6666666666666666,0.0006666666666666666,IWM:0.050086|EFA:0.048190|SPY:0.042154,SPY:0.333333|IWM:0.333333|EFA:0.333333
2026-08-31,2026-09-01,EFA|DBC|VNQ,0.0,0.6666666666666666,0.0006666666666666666,EFA:0.045101|DBC:0.043681|VNQ:0.034010,EFA:0.333333|VNQ:0.333333|DBC:0.333333
